,0,1,2,3,4,5,6,7,8,9,10,11,12,13,14,15,16,17,18,19,20,21,22,23,24,25,26,27,28,29,30,31,32,33
153,-0.016840126244018053,0.026529721850666974,0.1495569113192473,-0.020082199503495244,0.358340139646316,0.0824472503387068,-0.013317146096977938,-0.016704633378314588,1.2447069236661672,-0.03590704235597214,0.17148761091657921,-0.18521820351348295,-0.043881845196842635,-0.22067204374094818,-0.2407657595126949,0.05547352200205419,0.13413726943380871,-0.3010118095613762,-0.43573841125389434,0.7330883782519027,0.6007895442432377,0.7249914640470179,-0.6858400271196243,-0.4755953580841273,0.22279393167995842,-0.6395217122432303,-0.6749845147432851,-0.5185528277517755,-0.11332626524107065,0.27649006350373106,0.31357116565948207,0.13414988716871498,-0.3009738279345652,-0.4357586211220859
176,1.4690381093382916,1.0417058158954053,0.8227567397759322,1.5444420652991533,-1.1423192589878948,1.312034967148829,0.5965534879707812,1.4251264846455418,0.058450923796404194,-0.04961993443489163,0.9404919030631015,1.06727143274691,-0.0745053045080524,-0.688744502842862,1.1560380740984901,0.11604082278190746,0.3233436511883571,0.3456382983412243,0.20583626732415172,-0.1664763805125904,-1.0088059400243108,-0.05317359923336716,-0.507387981664366,-0.2734041073836049,0.5945288198676035,-0.4861452254126007,-0.4560010018974147,0.23066092038984123,-1.2191666232482736,-1.3103399526193995,-1.2397834203756093,0.32328337789202316,0.345550161629521,0.2057664497622057
18,0.24914083511610613,0.2687340205194745,0.3784934745042027,0.16980757502563834,0.35057619597267226,0.3232606418045346,0.3632116801535492,0.2282957409306487,0.5296012659738767,-0.03601248751659364,0.14690132804155687,-0.1353678697319751,-0.04825662509844402,-0.45470827329190483,-0.18772257595783987,0.36296904903823707,0.5342277904733777,0.14515866768044874,0.14338940227089852,0.49803532772667264,1.484894612870699,1.4784059603713997,0.03180812698855094,-0.22956235259547456,0.1341361808036311,-0.5995521146041907,-0.7512572944801361,-0.6392594871745915,-0.7324591612052463,-0.39639997718911346,-0.4130056844550768,0.5343407869967883,0.14498181584671577,0.14340755227489058
147,-0.8308191483444143,-0.8531273032225195,-0.7539028731964778,-0.6889558783426081,0.26295454594155404,-0.737225495900888,0.5488244818263475,-0.8543673156697124,0.652510050889738,-0.037152299490930775,0.5990157520211287,-0.05124543147567895,-0.022007945688835656,0.48143664491192334,-0.09827720761043662,0.30240174825838384,-0.22785295049159734,-0.26703005443218325,-0.5659488178164882,0.8091094874198295,0.945514465462495,-0.03668662530654181,0.18700700692722444,-0.10640163355250304,-0.01116838080960632,-0.7280844850941158,-0.7425857271478356,-0.632665283773345,0.6131159958527534,0.6516963249098383,0.867463095823142,-0.22795279660159834,-0.26705563665210724,-0.5658710066105523
5,-0.7523599573082891,-0.7294917054919993,-0.8474559292010914,-0.46578387590570586,-0.29272199412920613,-0.6515626360350033,0.4480632466325437,-0.7726636751453207,0.5649840979951101,-0.04315765244823129,0.36544606470841945,0.4706252502994842,-0.030757505492038453,0.48143664491192334,0.4727170624212383,0.3536510027644143,0.8685907778373292,0.7964744627861423,0.6389642002899283,2.1136531307038804,3.3726438342733958,1.1279572340975432,-0.2980028261182383,-0.6751907154090365,-0.6689618173999855,-0.8685598261114597,-0.9238161968518609,-0.7171272081893101,-0.37819740077973013,-0.3814723725135073,0.013595565665535702,0.8683863346617768,0.7962704700469793,0.6385447213925781
103,1.4636958486560083,1.046438186803469,1.0925922464689528,1.2569900242232406,-0.29826766818180916,1.308039875451033,0.607159933780654,1.4189358378496921,-0.7777012644948429,-0.04321790682572929,0.9049783833547357,0.4752987190915001,-0.070130524606451,-0.9227807323938192,0.4789574369571041,0.3536510027644143,0.12231615133195563,0.09554332580937713,0.012610170962355725,-0.16526419881742985,-0.061363402903258105,0.25561535877660985,0.6086572972348369,0.8101410164370734,1.9717838277287099,0.7381632461044534,0.7979922350101466,2.273367417975955,-0.8976830194071431,-0.9878192082810219,-1.0113400879799355,0.1222072358038654,0.09539112975950349,0.012368544946462438
145,-1.8577120519627093,-2.210019881182586,-2.404832015608849,-1.5928247730774037,-1.1611745507667433,-2.077815389006721,0.5647341505411567,-1.8741381912056894,0.6320252534037611,-0.04974044318988762,1.152207116709124,1.135815641696483,0.021739853327178316,3.2898713995234083,1.2350828182194502,0.4887626737348602,1.1441906353165083,1.1902054435544172,0.7335037905259159,1.9750393667312975,1.5685557128689365,1.396956287959731,-0.763919463624854,-0.6641341325129072,-0.3074264934724488,-0.5954798696392541,-0.8179860626104002,-0.798455716804683,0.554949504427701,0.6258575135626412,0.9711699948059125,1.144231693428305,1.190161195363211,0.7336381409094277
10,0.38145300774106217,0.45825805096090005,0.41245015424039616,0.44565138604958865,0.011180943953405452,0.4391208094698962,-0.6868264550239741,0.4248119276108068,-1.1296673303902656,-0.040099742790207865,-0.17681806314623227,0.05624435074069829,-0.05263140500004543,-0.45470827329190483,0.01820978372571562,-0.6853111567669399,0.5670012722374566,0.4141426041617872,0.14086638928483486,0.7841731782622403,0.684197727938307,0.24821632657530301,-0.6790134097202601,-0.7535482376729099,-0.996760121082548,-0.5589323265925982,-0.7457846894868854,-0.32227004991467395,-0.898062015345037,-0.7448219110886397,-0.4038213861121883,0.56711769877185,0.41419243702607567,0.14099466570152472
22,0.758779405843486,1.1495757841285086,0.7564296483868959,0.6869833689487178,0.07883816739515474,0.7568493317638656,-0.8141038047424659,0.8172639278340121,-1.222780046235616,-0.03934656307148289,-1.5331613350849476,0.01729877747389414,-0.057006184901646814,-0.688744502842862,-0.024432775602697222,-0.5129273007011977,0.6769342459784459,0.6235860096309292,0.5055059879198192,-0.07685364816779598,0.33555260401993153,-0.26105021317171545,-0.5526143219351548,-0.859210712480268,-0.48254516599984937,-0.5767612310189163,-0.6944955412409614,-0.4553700703398327,-1.2802554569025557,-1.3114921707310983,-1.0614665048858072,0.6770050352092144,0.6235973270154405,0.5055056788056191
29,0.4714668256469243,1.2059402259053178,0.7228593050400446,0.27087861546827074,0.5602026751610435,0.5165635465896458,-0.6019748885449855,0.5109190341596272,0.6692703397419013,-0.03299976864169371,-2.5248080777108357,-0.43602769535169594,-0.04825662509844402,-0.688744502842862,-0.5039015524416819,-0.1588415422958957,-0.9920911933908851,-0.8966963539932225,-0.6112942421205658,-0.6406598199922251,-0.5136680802204435,-1.1278026022101393,1.3720651210981263,1.149818471845987,-0.36987921001895907,1.1341976240809986,0.8678670900688973,0.12000925196892573,0.7600733680658932,0.6468521703784808,0.32211190865530354,-0.9919524732521063,-0.896599322868869,-0.611238778874018
173,0.8077111455428582,0.500222275012416,0.2503546416267091,1.1313523230119047,-1.4351308489653027,0.7967885427385242,0.5276115902065959,0.7737175180066586,0.2781969331914295,-0.05133216299545976,1.1740615903758107,1.277577528387647,-0.070130524606451,-0.45470827329190483,1.4025328682651692,0.28842467884764966,0.2097868213845402,0.20943204351457032,-0.36357565255612573,-0.18966525891481834,-1.1918992780683928,-0.5432589522411284,-0.5161345852073016,0.09021325360040616,2.3191966780653273,-0.30128583633204264,0.26931744249790784,2.600879520237862,-0.6300563757309877,-0.6458772560673173,-0.11386316140404981,0.2099776287334373,0.2095663501436177,-0.36328027918449707
33,-0.006801167028448978,0.2380561438822163,0.19863203679782426,-0.06010057415827329,0.46370794664576115,0.09174098081610348,-0.5224265449709273,0.020982771445824114,-1.3363775595669454,-0.034445873701645674,-0.7245458094175564,-0.27557193349246695,-0.043881845196842635,-0.45470827329190483,-0.3354114399733187,0.2325164012047026,-1.5186617628913137,-1.4483608465861908,-1.459769747444875,-0.1228693247256452,-0.25345333516006313,-1.5508945440908501,2.305178386873738,1.4261369000501245,0.7752964818313718,1.5779696636212943,0.6955461270447052,0.4612242024334226,1.1211679879486316,1.1135313982490431,1.0863055232312318,-1.5185997372974527,-1.4481905507130453,-1.4595564861220125
95,0.194773275002712,0.40015222152757035,0.5206881546528516,0.2203173147164615,0.4304339023301467,0.27492237346186316,-2.150515976786591,0.3240941576420196,-0.688313057283306,-0.03490782392913033,-0.6221029641049654,-0.5528644151521049,-0.043881845196842635,-0.45470827329190483,-0.6245487934684105,-2.0923361441143355,0.7550899870447927,0.6503889687680904,0.4594678818686583,1.6960958932696044,1.1923788428056006,0.4101304741761849,-0.35133577455077214,-0.5923144157876147,-0.36391638783612645,-0.6456471899635968,-0.7659302209113154,-0.6272870327723284,-1.0815018400560874,-0.936129963790112,-0.5976144442342337,0.7549996394824706,0.6503967982850942,0.45948651891208203
80,0.48992616071898193,0.3702304416591273,-2.9486784926183158e-05,0.9378340480554781,-1.5615722173646371,0.5323131378871939,0.1563859868610111,0.4812923673509179,0.21115577778277847,-0.05202006713856191,0.6099429888544721,1.2869244659716803,-0.06575574470484961,-0.22067204374094818,1.4129334924916113,-0.1495234960220729,1.1820698936639529,1.2263397770977644,1.2243720225018513,0.9057219427860699,0.501863138803732,0.4735450055971687,-0.45128171991334054,-0.9078596772232372,-0.8823680849961009,-0.6589589823279687,-0.6069074236436696,-0.6036694957678643,-1.9300595675972247,-2.01542746902041,-1.7846288303061713,1.182101977891816,1.2264970651405844,1.224500005300164
90,0.7343322479401477,0.855661147237589,1.3187224954146233,0.1278421148814545,1.1402801810632552,0.7367919312517828,0.19881177010050247,0.7229855360055507,0.604091438650157,-0.021923005578311658,-0.5674667799382497,-1.1058915555407107,-0.04825662509844402,-0.9227807323938192,-1.1820222520057109,0.4608085349133867,-1.4562187379324338,-1.3856285613736967,-1.3590189579668315,-1.2383441088034803,-0.9369957753745598,-1.4276242548891853,0.9372949254761104,1.6822650464439388,0.8612866543627479,0.5648361810002276,1.6629282009965642,0.5144922710434914,1.0462334222934924,0.9634331093894958,0.8081902848935523,-1.4562028085554521,-1.3855995407891428,-1.3590042547756869
52,0.6241937317372781,1.3773364644835515,0.8365830047403147,0.396961140070139,0.5169464175507446,0.6455545053856457,-0.38454274944256867,0.6511482388120446,0.17577294576154512,-0.033657545596046855,-2.6026646401484044,-0.38773518450086003,-0.05263140500004543,-0.688744502842862,-0.4539785561547591,-0.1681595885697185,-1.2724792730561718,-0.9775611962904639,-0.8041120691082534,-1.3827826419606015,-1.049814512038131,-1.2381044789937528,1.6598497108400787,1.542952101952709,0.09192567640410527,1.658695931455622,1.3999787842677185,-0.0055144496548007165,0.9596269598734719,0.696602235107915,0.41897857783899406,-1.2724553415185855,-0.9776410370960678,-0.8041779600066123
154,-0.9692781953446069,-0.9433712684186867,-0.9383462466084205,-0.8038802397807758,0.1997338617418874,-0.8926996148777775,0.29426978238936985,-0.9830535434840348,0.5836066411641802,-0.03793560639840476,0.23978284112497375,0.01729877747389414,-0.01763316578723425,0.71547287446288,-0.02339271318005312,0.3489919796275029,0.19598565821743086,-0.08411037379032059,0.31881678884009795,0.27423825008507785,-0.05191517243487534,-0.23374617586363183,-0.518267903144603,-0.5198216896686447,-0.27008039664312866,-0.5401110263344888,-0.608705187602805,-0.28625915190786716,0.440827297935021,0.6591689028899084,0.47052313439843435,0.1960486865524318,-0.08400485610438548,0.31902532713176684
95,0.194773275002712,0.40015222152757035,0.5206881546528516,0.2203173147164615,0.4304339023301467,0.27492237346186316,-2.150515976786591,0.3240941576420196,-0.688313057283306,-0.03490782392913033,-0.6221029641049654,-0.5528644151521049,-0.043881845196842635,-0.45470827329190483,-0.6245487934684105,-2.0923361441143355,0.7550899870447927,0.6503889687680904,0.4594678818686583,1.6960958932696044,1.1923788428056006,0.4101304741761849,-0.35133577455077214,-0.5923144157876147,-0.36391638783612645,-0.6456471899635968,-0.7659302209113154,-0.6272870327723284,-1.0815018400560874,-0.936129963790112,-0.5976144442342337,0.7549996394824706,0.6503967982850942,0.45948651891208203
142,0.8382771099019114,0.9625411919359024,0.6814408535326641,0.8291450793313618,-0.20620947890860952,0.8215994167336478,-0.5065168762561181,0.8761764073867785,-0.4834650824235351,-0.04233919715388348,-0.6453233423758185,0.3195164260242869,-0.0613809648032482,-0.688744502842862,0.30526701237551923,-0.2007727505281034,1.1606505382410528,1.1676793643534247,1.4119740935528942,0.2985920823242129,0.060542255224168284,1.3965943787759723,-0.7424796183549753,-0.8482502737832355,-0.9564326131618115,-0.4085330272573422,-0.6037084613046196,-0.5400658317558419,-2.199974164622373,-2.264457190142999,-2.544621882777769,1.1607446816554061,1.1676668884309938,1.4119803746032817
28,1.0700807012578661,0.6799594727536112,0.3699129224888325,1.392738936885393,-1.7368155174268736,1.0064497509928036,0.6654953857349606,1.0243742273344487,0.7698320728548811,-0.05290379800853255,1.256015866625884,1.4660741029989746,-0.070130524606451,-0.45470827329190483,1.6282264139789648,0.3816051415858878,-0.7798745709487419,-0.5459533185007164,-0.42079758708005727,-0.7149334984047919,-0.3809773483078849,0.5327975814049178,0.8715887330072286,0.8411955927453324,1.0861478172048311,0.7941480592358479,0.7678268132840643,0.7386016518858525,0.4295306031550199,0.08718594057289332,-0.28809949968473736,-0.780141643492937,-0.5460218026355087,-0.42101524194566764
9,-0.07603536851513225,0.21438087904770906,0.42823515163476883,-0.2866607500433017,0.9384176455485277,0.027300268790687362,-0.129988050005591,-0.0697857447439189,-1.7069661686314384,-0.02635672352253937,-0.9007475033552146,-0.9236262726520725,-0.03513228539363984,-0.45470827329190483,-1.0000113280429732,-0.3312253983616379,-1.9523725774209837,-1.8234008016499546,-2.1496532437615388,-1.810037332956162,-1.2148965962065392,-1.7037006439004492,1.559157104199455,1.8713806860672995,1.929887156075649,1.3295627207601743,2.1094346054941986,1.866116898698976,1.3662265018045865,1.339272047167146,1.4141281516802122,-1.9523147429380132,-1.8233265946052757,-2.1495319524205327
158,0.5167029559426154,0.7670751820504302,1.2846617753581402,-0.11390847391957082,1.3243965596096545,0.5550788058771252,0.045018305857328585,0.5150461320235271,-1.3717603915881766,-0.017117718972846273,-0.9335292138552433,-1.4081092040911052,-0.03950706529524123,-0.9227807323938192,-1.474279792768736,0.3350149102167687,-1.5414665272042118,-1.5211243592853347,-1.4255209929831407,0.12085790909872021,0.2889256769857155,-0.6033358767452183,2.4126976109137264,1.4853617266937391,0.8711723858763913,2.0641751801071453,0.8691889753329678,0.14895827257439792,1.0326869632968072,1.0110001145152652,0.8681752334455426,-1.541426515140799,-1.521031951916557,-1.425418269622042
74,0.6606352472495256,0.5759148518942324,0.24465184487055633,0.9405160971429931,-1.0613524178198999,0.6759031550849345,0.25184399914987254,0.6456485124175174,0.5296012659738767,-0.04911279342428348,0.31627349895837625,1.0049585155200247,-0.06575574470484961,-0.45470827329190483,1.0832337045133948,0.0508144988651428,0.15711637733735795,0.17955750696870582,0.17618398379339226,-0.30537351163469195,-0.11303059055062566,-0.620466244776505,-0.22259003703463548,-0.5567410621218072,-0.8687163605248787,-0.6500274198418476,-0.6883355559103943,-0.12710968967778463,-0.46531115465402867,-0.5821535226946466,-0.5768139718767857,0.15713855705350355,0.17933123048645402,0.17617877219907624
38,-1.0005926375575702,-1.0469916363345846,-0.9777220398274433,-0.8413616354518265,0.20860694022605028,-0.9286755075921708,0.6495857170201512,-1.0263972833270005,0.9001898750383717,-0.03782514003965843,0.6550178407920121,0.02508789212725566,-0.01763316578723425,0.71547287446288,-0.016112276221543244,0.4701265811872146,-0.17251442685176607,-0.5141100033396079,-0.05007982079682753,-0.12246001662078562,-0.4300792420231112,-0.04756400688509392,-0.34205584152351126,-0.538281375895226,-0.5304046598357429,-0.6648791367727922,-0.5779316986552505,-0.4338102989357574,0.7056142676212979,0.9328505890379696,0.6954867684863758,-0.17244250623786853,-0.5142667973748166,-0.05031145911905808
30,0.5175543495014381,0.653802084376207,0.49149998959660773,0.5476059558592714,-0.0376209877094965,0.5558012335093766,-0.6444006717844768,0.5605271189745837,-0.02907502909822583,-0.040631989791440185,-0.4964397405215182,0.1450402577890086,-0.057006184901646814,-0.45470827329190483,0.1149355890316276,-0.368497583456929,-0.1555408329904802,-0.3968103855200322,-0.19099238971667104,-0.12280635424797468,0.03886371495254519,0.12818311396171023,0.024768177795456484,-0.20562244702037702,-0.3719191228709808,-0.6402745642535546,-0.6218976025382257,-0.4538267461395408,-0.03755453390119996,0.14423615377082802,-0.1602530032492496,-0.15567422671464642,-0.39689628260561033,-0.1911671532668811
62,-0.4585636877022312,-0.28874410015629487,-0.34182135979679806,-0.36388960631988637,0.28070070290988225,-0.344620359639228,-0.1618073874352095,-0.45322814293387864,-0.28047936188067096,-0.03692634557531328,-0.34619023406305166,-0.06838148371307222,-0.03513228539363984,0.01336418581000899,-0.11699833121803278,0.3117197945322066,0.2773169432563589,-0.01522432992586867,0.2265295611062147,1.2300513880289052,1.775748361514973,0.9975693976152727,-0.05448458357528879,0.06646563642350227,-0.33535760790782276,-0.5956851929147974,-0.7266702285684302,-0.5945030853661316,-0.006677347458410796,0.20243834790094073,0.08438992615823049,0.27749906324878076,-0.015143434411508398,0.2267025986611397
6,1.1431508517458386,0.7742582232659252,0.5520334223497706,1.3169782599724533,-1.209976482429644,1.063560832666005,0.7291340605942035,1.0920291530319493,-0.328897974120254,-0.05003167268112795,1.0757164588757229,1.1513938710032046,-0.070130524606451,-0.688744502842862,1.2538039418270464,0.3816051415858878,-0.4553495433429831,-0.5508628938985166,-1.0106138010730843,-0.4266546516284211,-0.1397855223358535,0.6370073202619118,0.2907929245769353,0.8659046519132042,1.525199829509192,0.3971555059734351,0.7366303210520073,1.1608645065656689,0.04712629768263512,0.042747036851130925,0.23501610033634088,-0.45522431631849525,-0.5507723288009551,-1.0105944429501326
162,-1.4236791004534222,-1.4548520800210283,-1.2563725360575548,-1.4755163680058891,0.9095801404749947,-1.4497899842283297,0.4427600237276073,-1.4402770282632213,1.0882775610459794,-0.02694420370314486,0.010310867624767756,-0.7912113235449405,0.0129902935239755,0.9495091040138377,-0.8679234003671572,0.4002412341335334,0.46767523802056926,0.5299258736403576,0.5975638508367871,0.18811037925100585,0.32330422876646425,-0.22996623549992093,-0.091070986200007,-0.2515793741886365,-0.18205031125973106,-0.5896281562862785,-0.7501204731530358,-0.5710726179617027,0.5777361859096638,0.5874872036479969,0.6845989573243655,0.4673922012434715,0.5297249506003173,0.5972137175408266
76,-2.194658069846684,-2.7415210428936962,-2.8322594762512785,-2.269346093351788,-0.1274609073616554,-2.677260586727272,0.40033424048811,-2.2067104233142767,-0.07749364133780681,-0.04156593264265917,0.7642902091254433,0.34132594705369784,0.07861199204799645,4.460052547278194,0.32918844809633707,0.4468314655026525,0.7513447131241898,0.7275813496986551,1.1271763876859897,1.188569585863345,0.38447384323289346,0.5442580388906375,-0.5982673257934038,-0.4082944187163833,-0.05369271795559698,-0.5924000205061091,-0.7230747006501593,-0.6888329311839618,1.0439164152516842,1.1582907907981899,1.2136901459933742,0.751132910338794,0.7276140561796941,1.1272138865778611
134,-0.6046010729732636,-0.5996215400805479,-0.7079024859835338,-0.3142354306749009,-0.3470695998447099,-0.4946068714975251,0.26775366786468774,-0.6181830856816243,0.7996281419253919,-0.04365475106258978,0.4911092882918651,0.5158021152889762,-0.03513228539363984,0.48143664491192334,0.5247201835534492,0.3583100259013257,0.422280525604683,0.26334900760243296,0.5331673848397569,1.1793129256457553,2.21952614632532,0.6527704758212175,-0.23880325335812574,-0.3064777118728963,-0.674140057716656,-0.6683011913651756,-0.8316279185356046,-0.6068029115684566,-0.029476708730708914,0.04280111378185701,-0.010289745617206938,0.4219129908321777,0.2631370157414644,0.5327446911110245
146,-0.0324926693639128,-0.08833822553810257,-0.2426910490225147,0.2890849134937553,-0.6964470651586612,0.06792344481532481,0.30487622819924265,-0.048993646800120055,0.1664616741770111,-0.04655198238061854,0.6618473638128523,0.7557068466124838,-0.05263140500004543,0.01336418581000899,0.7940963510183019,0.10206375337117328,-0.0577714379758384,-0.596805774402911,-0.5233282475373595,-0.8623001587735997,-0.14937827640604673,0.39237681810620184,-0.38845550665981565,-0.05852182240230802,-0.41083438343262535,-0.5324798445934735,-0.45285491496892766,-0.3405093359181216,0.1813113270751857,0.5726269579562776,0.4106516261110118,-0.058090685426887285,-0.5969415049713874,-0.5235858574978506
40,-1.6070187507686986,-1.711430019650279,-1.6917382731380979,-1.5423963076013534,0.4437435200563922,-1.700683916821958,0.22532788462519046,-1.617751448682931,0.9206746725243485,-0.0347220395985115,0.06904476560398813,-0.255320235393728,0.01736507342557691,1.6516177926667086,-0.3156502539430784,0.21388030865705704,1.1042628397789087,1.4068877334113883,1.2103578321883506,0.7135990154128269,0.7290542408503401,0.7226792664841092,-1.214796209673495,-1.5936562493805486,-1.427966314725287,-0.21275728402708077,-0.250870846619,-0.18187431508813637,0.355085357597778,0.2380418401165275,0.5400073416432548,1.1035220716225767,1.4065858360702677,1.2101603029649168
158,0.5167029559426154,0.7670751820504302,1.2846617753581402,-0.11390847391957082,1.3243965596096545,0.5550788058771252,0.045018305857328585,0.5150461320235271,-1.3717603915881766,-0.017117718972846273,-0.9335292138552433,-1.4081092040911052,-0.03950706529524123,-0.9227807323938192,-1.474279792768736,0.3350149102167687,-1.5414665272042118,-1.5211243592853347,-1.4255209929831407,0.12085790909872021,0.2889256769857155,-0.6033358767452183,2.4126976109137264,1.4853617266937391,0.8711723858763913,2.0641751801071453,0.8691889753329678,0.14895827257439792,1.0326869632968072,1.0110001145152652,0.8681752334455426,-1.541426515140799,-1.521031951916557,-1.425418269622042
117,0.9800762393251778,0.9816155067454128,0.9896852720681489,0.7254889945091691,0.27404589404675883,0.9353541760911294,0.257147222054809,0.964190454243249,0.4755958907835733,-0.03700166354718577,-0.28609043147966357,-0.08395971301979353,-0.0613809648032482,-0.9227807323938192,-0.1336393299803396,0.15331300787720376,0.4817223501816336,0.3438109041866797,0.5260845992934248,0.25361541864793025,0.22531722673872856,-0.013745604269337372,-0.4393351394644529,-0.7923904941080079,-1.2319777645579721,-0.6771985333053729,-0.6935173461455495,-0.32895778811593807,-1.1765725118087829,-1.0568773462543959,-1.289107301948253,0.4816885138262109,0.3438959605540534,0.5261849424419895
43,1.6443035548045128,1.3145007023774673,0.9707707418394583,1.6635638466680274,-1.099063001377597,1.4417349752875936,0.3154826740091214,1.6225546862554456,-0.1817798830846001,-0.04934878973615063,0.3517870186667405,1.0127476301733864,-0.0745053045080524,-0.9227807323938192,1.0915542038945478,-0.06566107955765751,0.5298474077582587,0.380740525321463,0.4311505015723436,0.3925755202477023,0.7141141135131462,0.7672142021523021,-0.1896302749033295,-0.5430885858500648,-0.30413124963456767,-0.6480426281782653,-0.6995187052444282,-0.5624674163600761,-1.7635323866942567,-1.6592229635072218,-1.7839970007556822,0.5298389429213003,0.38069133063016714,0.4310456505568254
175,1.3465590645190793,1.0439370450251748,1.3242290027664965,0.9418750369706531,0.3383757130569471,1.2198050394314397,0.7079211689744578,1.294911019676292,1.3396818938284245,-0.036168144658463464,0.5675999461252677,-0.16029303662272815,-0.06575574470484961,-0.9227807323938192,-0.21476419894658885,0.07876863768661115,-0.4462899031859138,-0.5568045758594249,-0.4536242796769188,1.1800528287583858,1.551285142452544,2.628895149477333,1.5363306022703302,1.4959375885943849,2.3543459456693934,1.2740912158176372,1.124656521467176,1.6398562174562084,-0.21359295532775277,-0.2159993362869004,-0.6664786840716148,-0.44632025403917563,-0.5569084250979903,-0.4536304958175826
63,-1.527240367515057,-1.6404773722059787,-1.6408674117313191,-1.4054125512244215,0.24520838897322705,-1.5892753749831061,0.3632116801535492,-1.5414185627448198,0.28378369614215204,-0.03736318981217377,0.34222568643756485,-0.027878087515597845,0.008615513622374112,1.6516177926667086,-0.07227564704433173,0.3536510027644143,0.42068652706158366,0.6586140097693006,0.12362274234917191,0.546758734824361,0.17744378363889515,0.25666087419636013,-0.9430115044613026,-1.219943747491376,-0.7271777918692199,-0.49630872755197974,-0.4851617908228035,-0.5614853009598905,0.6656726285427206,0.6077288154855237,0.9593895232927904,0.42021312439703506,0.6583567573063631,0.12346224653155871
59,-1.2835640462014535,-1.3406158794003973,-1.3172971604150072,-1.1288329026860724,0.22302569276281742,-1.2692508037560803,0.41094068629798286,-1.2998912149865043,0.9690932847639295,-0.037644376907164434,0.4241799626876383,-0.007626389416858925,-0.0045088260824300685,1.1835453335647943,-0.05043433616880211,0.3396739333536801,1.4909289043383114,1.851372200959368,1.5675476615699384,0.47361852500986706,-0.5395739358450329,-0.3421781885311543,-1.342688620014711,-1.248787007220409,-0.7996731563026062,-0.03628192869786242,-0.5587114869156697,-0.5389901815556385,-0.26798226700506994,-0.4848145730286556,-0.007141914621923891,1.4911787914728394,1.8516719639016228,1.5679647758213688
172,-1.5485719863514946,-1.7224462105924814,-1.8777859482889092,-1.2494953984704853,-0.6432085942536789,-1.6187101202818739,0.5063986985868503,-1.5659139940397073,0.20370676051515127,-0.046145265332507054,0.7356062124379178,0.7494755548897959,-0.0001340461808286812,2.119690251768623,0.7878559764824361,0.3396739333536801,0.8390052931594488,0.926675412644573,0.765706610820769,0.8953632992092437,0.043343946608681065,0.5929549301720652,-1.1226368747820765,-0.9367029369522704,-0.8152078772526176,-0.2931413464021698,-0.6819376312322945,-0.6399609981747241,0.445983479762364,0.4807398167537504,0.692244722079054,0.8389531162041942,0.9268887318906593,0.7659781605714531
6,1.1431508517458386,0.7742582232659252,0.5520334223497706,1.3169782599724533,-1.209976482429644,1.063560832666005,0.7291340605942035,1.0920291530319493,-0.328897974120254,-0.05003167268112795,1.0757164588757229,1.1513938710032046,-0.070130524606451,-0.688744502842862,1.2538039418270464,0.3816051415858878,-0.4553495433429831,-0.5508628938985166,-1.0106138010730843,-0.4266546516284211,-0.1397855223358535,0.6370073202619118,0.2907929245769353,0.8659046519132042,1.525199829509192,0.3971555059734351,0.7366303210520073,1.1608645065656689,0.04712629768263512,0.042747036851130925,0.23501610033634088,-0.45522431631849525,-0.5507723288009551,-1.0105944429501326
159,1.0397392802549859,0.6232775727397829,0.36745895813426327,1.3524776135025836,-1.6547395414483572,0.9825761934048015,0.7026179460695213,0.9915877512236911,0.12362982488814846,-0.05249205976229622,1.4144608007093586,1.4177815921481387,-0.070130524606451,-0.45470827329190483,1.5689428558882441,0.36296904903823707,-0.673484508032064,-0.4856881921274337,-0.23943423904909977,-0.7972359127203701,-1.0032598468048208,0.255233343527086,0.13378072439155564,0.4203724332987389,0.7053117793697047,-0.1797002366646559,0.2466867667770258,0.4239973520263859,0.3428771156858033,0.07810670851940885,-0.4380548492214135,-0.6734485615655661,-0.485678809557755,-0.2393514889448831
52,0.6241937317372781,1.3773364644835515,0.8365830047403147,0.396961140070139,0.5169464175507446,0.6455545053856457,-0.38454274944256867,0.6511482388120446,0.17577294576154512,-0.033657545596046855,-2.6026646401484044,-0.38773518450086003,-0.05263140500004543,-0.688744502842862,-0.4539785561547591,-0.1681595885697185,-1.2724792730561718,-0.9775611962904639,-0.8041120691082534,-1.3827826419606015,-1.049814512038131,-1.2381044789937528,1.6598497108400787,1.542952101952709,0.09192567640410527,1.658695931455622,1.3999787842677185,-0.0055144496548007165,0.9596269598734719,0.696602235107915,0.41897857783899406,-1.2724553415185855,-0.9776410370960678,-0.8041779600066123
155,-1.3002644583168224,-1.367675414841526,-1.400010602249691,-1.087327996425604,-0.002128673772840087,-1.290314084408901,0.37912134886836435,-1.3156902614967458,1.4141720665047048,-0.04024535753582804,0.467888910021012,0.19333276863984447,-0.0045088260824300685,1.1835453335647943,0.16693871016383852,0.21853933179396842,-0.14571532634590584,-0.40896944914021344,-0.09953546262001992,0.5283083848668523,0.5263779547608922,0.745017105548381,-0.04573798003235324,-0.03458191682721048,0.01095682781616741,-0.612555922055248,-0.5546136425970521,-0.4375516909364646,0.8118765017191676,0.9814798026473214,0.882329837899513,-0.14564314676221038,-0.40875139031313085,-0.09924810163742444
37,-0.13110462661656708,0.04401650165155242,0.14946535583739237,0.01345433804404785,0.31175647760445596,-0.0245456198266289,-2.325522332649511,-0.007215993200152069,-1.261887386890665,-0.036519628527201795,-0.39536279981309486,-0.44225898707438377,-0.03950706529524123,0.01336418581000899,-0.5111819894001906,-2.190175629989485,0.9685456942919238,0.4297479140115255,0.11126915331013483,1.0942555529320845,1.155055622637956,0.13379270630998347,-0.4217352664817168,-0.2835953924878633,-0.09919846619300393,-0.6164912848364892,-0.8272128217536102,-0.4912406661466128,-1.0051567226068054,-0.4030789524928262,-0.009190929400678758,0.9688278931426884,0.4297730317710813,0.11148955840136225
1,0.7669003905584105,0.8801264003116824,0.5356616375489631,0.8742251771255634,-0.4701835638124833,0.7634966693522867,-0.3421169662030714,0.7924921283785956,1.0156496426866057,-0.04473932985755375,-0.557905447709074,0.5158021152889762,-0.0613809648032482,-0.45470827329190483,0.5236801211308051,-0.35917953718310625,0.31070685414452726,0.21094132263254037,0.758311889123432,-0.31385878350081636,-0.038402215665563774,0.09132869541552606,-0.07197779066115989,-0.26696244604412084,-0.6706878975055423,-0.5730654120591422,-0.5944817021614096,-0.25310106530159965,-0.7329689486812438,-0.7003469560797266,-1.4167715031508956,0.3106495720425547,0.21087415868618872,0.7582440792735561
154,-0.9692781953446069,-0.9433712684186867,-0.9383462466084205,-0.8038802397807758,0.1997338617418874,-0.8926996148777775,0.29426978238936985,-0.9830535434840348,0.5836066411641802,-0.03793560639840476,0.23978284112497375,0.01729877747389414,-0.01763316578723425,0.71547287446288,-0.02339271318005312,0.3489919796275029,0.19598565821743086,-0.08411037379032059,0.31881678884009795,0.27423825008507785,-0.05191517243487534,-0.23374617586363183,-0.518267903144603,-0.5198216896686447,-0.27008039664312866,-0.5401110263344888,-0.608705187602805,-0.28625915190786716,0.440827297935021,0.6591689028899084,0.47052313439843435,0.1960486865524318,-0.08400485610438548,0.31902532713176684
6,1.1431508517458386,0.7742582232659252,0.5520334223497706,1.3169782599724533,-1.209976482429644,1.063560832666005,0.7291340605942035,1.0920291530319493,-0.328897974120254,-0.05003167268112795,1.0757164588757229,1.1513938710032046,-0.070130524606451,-0.688744502842862,1.2538039418270464,0.3816051415858878,-0.4553495433429831,-0.5508628938985166,-1.0106138010730843,-0.4266546516284211,-0.1397855223358535,0.6370073202619118,0.2907929245769353,0.8659046519132042,1.525199829509192,0.3971555059734351,0.7366303210520073,1.1608645065656689,0.04712629768263512,0.042747036851130925,0.23501610033634088,-0.45522431631849525,-0.5507723288009551,-1.0105944429501326
124,1.3604433287091116,1.0904366305719189,0.6649934660991127,1.566569625708373,-1.4750597021440393,1.230327900255375,-0.002710700287099208,1.3647584661139895,-0.40711265543034797,-0.05155309571295241,0.42281405808347056,1.254210184427566,-0.0745053045080524,-0.688744502842862,1.37549124527642,-0.02838889446236121,0.9566685371787893,0.8313115939025686,1.092744141370723,0.3340916891110585,-0.19358443310993143,0.3548387933240275,-0.7696794220555676,-0.7779688642434913,-1.1461445083998287,-0.43539615580755286,-0.5198480601520058,-0.3066029709117125,-2.3314542053570313,-2.1494407764380763,-2.517161976042896,0.9568229756080538,0.8314540544598163,1.0928830061309682
59,-1.2835640462014535,-1.3406158794003973,-1.3172971604150072,-1.1288329026860724,0.22302569276281742,-1.2692508037560803,0.41094068629798286,-1.2998912149865043,0.9690932847639295,-0.037644376907164434,0.4241799626876383,-0.007626389416858925,-0.0045088260824300685,1.1835453335647943,-0.05043433616880211,0.3396739333536801,1.4909289043383114,1.851372200959368,1.5675476615699384,0.47361852500986706,-0.5395739358450329,-0.3421781885311543,-1.342688620014711,-1.248787007220409,-0.7996731563026062,-0.03628192869786242,-0.5587114869156697,-0.5389901815556385,-0.26798226700506994,-0.4848145730286556,-0.007141914621923891,1.4911787914728394,1.8516719639016228,1.5679647758213688
16,-1.7768857997135934,-1.9975423035576332,-2.1070394876496805,-1.635226317449241,-0.14409792951946204,-1.9512091103116247,0.4480632466325437,-1.7916791443758517,0.6469232879390177,-0.041726610982653824,0.3736414923334274,0.34911506170705764,0.021739853327178316,2.5877627108705363,0.33750894747749105,0.40490025727044476,1.0638151267477585,1.0521470522925958,1.0735784172693135,1.6305593686338449,1.2984591665347425,1.5871998822226818,-0.582907436644834,-0.9505477016222063,-0.7868060136975463,-0.7377688995905614,-0.7807088981636203,-0.7884474932027911,0.5194167382736384,0.6104502133063617,0.7586776998038873,1.0634849244505316,1.052155582562847,1.0737542285436423
101,0.26146265178610095,0.7229870112226685,0.7087555992215561,-0.03412166466834987,0.8851791746435443,0.3341555863048028,-1.0315359438448828,0.32371645448929665,-0.7218336349876326,-0.027416196326879187,-1.6123838021266856,-0.8052317299209899,-0.043881845196842635,-0.688744502842862,-0.8814442118615328,0.04149645259131484,-1.1027090883808621,-0.6877195172443896,-0.6300104111808225,-1.3638127855623094,-1.5091827803938205,-1.2073220923084247,0.8457755859658822,1.0773257457270171,-0.19162221002690974,0.5642202111735988,1.0608359009178663,-0.3333071563167602,0.9221393594291053,0.6019409236411877,0.4388960704448306,-1.1028049353211449,-0.687851871768472,-0.6301840669880838
7,-0.7282589704123842,-0.437132662727178,-0.49104916559703937,-0.2583502318973038,-0.09751426747760204,-0.625581997852936,-5.141533695171063,-0.5045497103441149,-0.6752772770649563,-0.04125963955704434,-1.00045853945947,-0.44381681000505574,-0.022007945688835656,0.71547287446288,-0.5122220518228359,-4.855136864303096,0.4811090343359488,0.08657248177797593,0.19639102416359577,1.866352322271704,1.794157055295626,0.5753822286939615,-0.0841377029037776,-0.3926229142636086,-0.21076600756126718,-0.74177270346365,-0.8354613858014083,-0.7580486831970451,-0.034342054107291894,0.30020030724215085,0.3310090613285049,0.48119038446792717,0.08666769331878817,0.19651858030991592
59,-1.2835640462014535,-1.3406158794003973,-1.3172971604150072,-1.1288329026860724,0.22302569276281742,-1.2692508037560803,0.41094068629798286,-1.2998912149865043,0.9690932847639295,-0.037644376907164434,0.4241799626876383,-0.007626389416858925,-0.0045088260824300685,1.1835453335647943,-0.05043433616880211,0.3396739333536801,1.4909289043383114,1.851372200959368,1.5675476615699384,0.47361852500986706,-0.5395739358450329,-0.3421781885311543,-1.342688620014711,-1.248787007220409,-0.7996731563026062,-0.03628192869786242,-0.5587114869156697,-0.5389901815556385,-0.26798226700506994,-0.4848145730286556,-0.007141914621923891,1.4911787914728394,1.8516719639016228,1.5679647758213688
150,0.590895823211453,0.8268412059045428,1.0612761100617147,0.15842394145966227,0.9472907240326919,0.6176816753843843,-0.23605250810433118,0.6076847394328497,-1.6566853020749506,-0.026186002786295053,-0.9157724540010612,-0.8815650535239244,-0.04825662509844402,-0.9227807323938192,-0.9584088311372045,0.08342766082352254,-1.6190556516009418,-1.3892444689560937,-1.1802107339963068,-1.7885171722122077,-1.3885959001329178,-1.3844163195614447,0.9969211618236831,1.1887568724801818,0.1410405012258583,0.6502164430801967,1.2455825854243185,0.1126200027675292,1.1779025616336223,1.0201330084353146,0.7263997177937374,-1.6190911087141926,-1.389402789415646,-1.1804231249256656
92,-0.0020015527902505293,-0.0033923018413073184,0.03791679243331532,0.07564833850387864,0.08992951550035956,0.09617922835312753,0.37381812596342795,-0.02225042113292996,0.7456227667350885,-0.03922103311836205,0.37910511075009834,0.11232597624489399,-0.04825662509844402,-0.22067204374094818,0.07853340423908052,0.25581151688926473,0.387072460128292,0.2512747746586715,0.27873758073238675,0.8935056701179585,1.2871321292428197,0.8386309477475254,-0.4137353242168367,-0.4648272077852882,-0.19727119946327754,-0.6751795210958667,-0.8300680939240019,-0.710392702588037,-0.404581947809097,-0.3186264405470525,-0.2977503756542494,0.3870252559013895,0.2511051771498129,0.2784374556467171
20,-0.522015897767459,-0.39281529778052443,-0.12370290911557993,-0.6235432441945007,0.8674330176752162,-0.40919318227331974,0.40563746339304646,-0.5416383174871074,1.082690798095257,-0.02775763779936784,-0.15359768487537917,-0.7694018025155314,-0.026382725590437046,0.01336418581000899,-0.8450420270689846,0.13933593846646442,0.03980804705612932,-0.33449871907812,-0.23977369897813403,0.6999973922359605,0.0027147490496141563,0.47794823399957737,-0.7698927538492977,-0.7079758873010376,-0.8425113261950617,-0.5517460119485929,-0.6116926482996037,-0.5694825263614022,0.27040522490002433,0.5889538032144211,0.48579666617352885,0.03966720113627116,-0.3345597651548569,-0.23992030631198819
